index,epoch,yyyy-mm-dd hh:mm:ss.ms,uuid
0,1618012800,2021-04-10 02:00:00.000,14d081a6-2e1c-4c24-9d57-67ef32b4b511
1,1618013400,2021-04-10 02:10:00.000,1b50f58b-171f-42b6-b725-7ce55fc7431a
2,1618014000,2021-04-10 02:20:00.000,c7baf887-a86d-41cd-a144-3d73a933eaa5
3,1618014600,2021-04-10 02:30:00.000,222806da-0c0d-45ea-8cdc-5589e9ae0a4a
4,1618015200,2021-04-10 02:40:00.000,18d53a01-a7db-4783-80bb-b9fbaa1ed7ee
5,1618015800,2021-04-10 02:50:00.000,5060cbe8-76bb-4aca-9616-0bc4d35a19da
6,1618016400,2021-04-10 03:00:00.000,2da81381-4ff8-4450-bbf9-7fe0a4f47878
7,1618017000,2021-04-10 03:10:00.000,a746df3d-5a2d-4235-96b9-8864f826cca2
8,1618017600,2021-04-10 03:20:00.000,804777c6-8a18-459b-a2f8-0d7f15031390
9,1618018200,2021-04-10 03:30:00.000,af55d07e-02ab-40cb-a90d-035e12774000
10,1618018800,2021-04-10 03:40:00.000,15599971-f6df-4820-8901-91f85096390b
11,1618019400,2021-04-10 03:50:00.000,a88348a7-c560-4282-ac76-fd90099993e5
12,1618020000,2021-04-10 04:00:00.000,0f895553-10b8-4d26-a43e-c801396f0702
13,1618020600,2021-04-10 04:10:00.000,df58ad5a-0108-4f30-9ef0-9eebbe4dbf60
14,1618021200,2021-04-10 04:20:00.000,26f3de42-3476-445f-b93b-dade9026aa04
15,1618021800,2021-04-10 04:30:00.000,53f0306d-4d28-46a0-919b-729c12f7cedb
16,1618022400,2021-04-10 04:40:00.000,da3b33cc-3b51-4105-b023-df7045e4102f
17,1618023000,2021-04-10 04:50:00.000,e9f73836-86bf-41b0-9d88-b88834696b42
18,1618023600,2021-04-10 05:00:00.000,d89a5580-2499-4e4c-b12e-387ec9f42683
19,1618024200,2021-04-10 05:10:00.000,d94b27f3-2010-4b1e-b1c2-6a54380b2922
20,1618024800,2021-04-10 05:20:00.000,8444b1c4-0203-4ee2-855d-44a995d6d39a
21,1618025400,2021-04-10 05:30:00.000,5f5e9ff0-545f-4fe2-9b89-a2d3f019102b
22,1618026000,2021-04-10 05:40:00.000,77679c90-609d-4933-990e-8ff95da13f8f
23,1618026600,2021-04-10 05:50:00.000,1e165213-ccaa-40d9-a758-5f9b6e1e5e45
24,1618027200,2021-04-10 06:00:00.000,1f21ef6a-7144-42c2-8e8c-65ec36f4d12e
25,1618027800,2021-04-10 06:10:00.000,ae959bbc-9396-4d6c-a093-859d3e910716
26,1618028400,2021-04-10 06:20:00.000,c97fa1ad-a39e-42eb-bf36-381af7e576d8
27,1618029000,2021-04-10 06:30:00.000,6d0b6c4e-8df5-4528-8c2d-7c3d8c30fa7a
28,1618029600,2021-04-10 06:40:00.000,04a7aaa8-bc08-4a56-af54-33714be83c14
29,1618030200,2021-04-10 06:50:00.000,ada84972-43ed-4f21-a2e5-341958b62ed3
30,1618030800,2021-04-10 07:00:00.000,8929b38f-289a-4464-bcbb-fe8c627ae3dc
31,1618031400,2021-04-10 07:10:00.000,dd5e479f-d555-4652-8db3-56c03af0255f
32,1618032000,2021-04-10 07:20:00.000,bf9fa404-2bd6-44c3-a6e8-7b065bfbc075
33,1618032600,2021-04-10 07:30:00.000,50c49836-fcf4-4845-8828-986a804b625b
34,1618033200,2021-04-10 07:40:00.000,2355734f-956c-41eb-bcbe-feef32026f34
35,1618033800,2021-04-10 07:50:00.000,17d01679-71ed-4fba-86f8-af6681508e96
36,1618034400,2021-04-10 08:00:00.000,f14c03b8-2835-4845-b10d-a643558056cb
37,1618035000,2021-04-10 08:10:00.000,012ee861-04a3-4157-a764-9b3a7d3840d5
38,1618035600,2021-04-10 08:20:00.000,17f03ae1-3636-4432-a92d-a25a1a26329e
39,1618036200,2021-04-10 08:30:00.000,1be900eb-1598-4e67-a8d0-9ce55d20562c
40,1618036800,2021-04-10 08:40:00.000,db0f8ce7-9bbc-4255-b3dc-a859fcdbe8c0
41,1618037400,2021-04-10 08:50:00.000,e5eaec45-17af-4468-9ab1-2896125cd4e6
42,1618038000,2021-04-10 09:00:00.000,DC0FDDEF-0232-4DCF-BAE3-2A6A4E1FF997
43,1618038600,2021-04-10 09:10:00.000,B92824E3-2000-4B08-BC6B-FEDE524AFE81
44,1618039200,2021-04-10 09:20:00.000,09A305B4-76B5-41BB-9207-1D141DFF6097
45,1618039800,2021-04-10 09:30:00.000,7EE64CDB-54FE-48D6-8C71-865DDBEEAFD5
46,1618040400,2021-04-10 09:40:00.000,2FF6400B-2479-4B2F-91E6-2D03F0766E5A
47,1618041000,2021-04-10 09:50:00.000,55E5723E-9D7E-4E03-860C-AF174013F1A0
48,1618041600,2021-04-10 10:00:00.000,8657F528-EC58-44DD-A90E-A3945D9AA61D
49,1618042200,2021-04-10 10:10:00.000,EE64A02F-BE42-43CB-A41A-426124D77565
50,1618042800,2021-04-10 10:20:00.000,1E819617-C91A-427A-83E3-BE49FC01DCE2
51,1618043400,2021-04-10 10:30:00.000,DE7E206F-71D8-41CE-8B8A-666041CAF749
52,1618044000,2021-04-10 10:40:00.000,1EC753BD-8B54-441A-84D3-D8D2A5E8DBE2
53,1618044600,2021-04-10 10:50:00.000,A2908497-494D-4C67-8987-C3610C127F85
54,1618045200,2021-04-10 11:00:00.000,DBFFD007-C807-413A-9849-FC43FF6F75AD
55,1618045800,2021-04-10 11:10:00.000,CFFAF3F3-1561-4086-AAEE-12E55ED6E839
56,1618046400,2021-04-10 11:20:00.000,97C9774B-C3E8-4CE5-B52C-DB2FFCD4D3C3
57,1618047000,2021-04-10 11:30:00.000,1C477903-F7F4-4594-AF5E-56A61438B0FB
58,1618047600,2021-04-10 11:40:00.000,E607338C-6826-4E25-8C01-4CA27F057C41
59,1618048200,2021-04-10 11:50:00.000,E4866F49-0B7A-458A-BA46-EDCED049C2F1
60,1618048800,2021-04-10 12:00:00.000,14794EB2-8778-4C6C-B4DC-5EB884BC74F8
61,1618049400,2021-04-10 12:10:00.000,630FD6C9-2A46-4AD3-9DAF-28DA7B60B469
62,1618050000,2021-04-10 12:20:00.000,291178C9-4532-4853-9EFB-2A591A6EC638
63,1618050600,2021-04-10 12:30:00.000,81C73A94-AC0E-4D24-B9E9-DCF91FE5C9F1
64,1618051200,2021-04-10 12:40:00.000,AB4C63D4-3725-4784-B816-28023770ABC4
65,1618051800,2021-04-10 12:50:00.000,A11202F4-F457-490E-A3FF-A7A2AF6CA5CC
66,1618052400,2021-04-10 13:00:00.000,48BC55A7-1B30-451A-895E-110395EA58B0
67,1618053000,2021-04-10 13:10:00.000,48BFD3EA-36E9-46C8-9379-515BD97FAD84
68,1618053600,2021-04-10 13:20:00.000,A9261178-4A56-4DEE-BA84-18FF4423EBF4
69,1618054200,2021-04-10 13:30:00.000,9C82710E-7A98-4FEC-854E-071F84556EA5
70,1618054800,2021-04-10 13:40:00.000,F4310DE1-A72E-4E63-BE74-93D0FB1D2DFA
71,1618055400,2021-04-10 13:50:00.000,FC7C106F-7EF7-430B-909E-348DE7B2AD8C
72,1618056000,2021-04-10 14:00:00.000,E36F14DF-D10F-4386-AF15-CA4FD626D309
73,1618056600,2021-04-10 14:10:00.000,124027F9-C72C-4B34-864F-4A6ED054028F
74,1618057200,2021-04-10 14:20:00.000,19274348-F290-4168-895E-877AA1BDD837
75,1618057800,2021-04-10 14:30:00.000,6C1C6861-98B6-4EAF-9953-8A28FA521A4E
76,1618058400,2021-04-10 14:40:00.000,86D6F0F2-68EC-46FF-B78F-15249578E581
77,1618059000,2021-04-10 14:50:00.000,F08B6662-7B39-4982-ABDE-A508CB10168E
78,1618059600,2021-04-10 15:00:00.000,8C08420A-6FA0-4F38-85B2-DB2080CD2F0D
79,1618060200,2021-04-10 15:10:00.000,A87A7BA0-B1B9-4A11-AC1B-55792B57561E
80,1618060800,2021-04-10 15:20:00.000,C704D39D-3894-4CF2-81F2-BF3F580A00A9
81,1618061400,2021-04-10 15:30:00.000,CB15A761-47DA-4C4E-B0EA-B61C74E26ADD
82,1618062000,2021-04-10 15:40:00.000,62A4FA86-2C1A-4B72-BA05-3161B6531CF4
83,1618062600,2021-04-10 15:50:00.000,E330422B-648D-40A8-8BC8-D50360F1F3B8
84,1618063200,2021-04-10 16:00:00.000,79571B23-0900-49B5-BFFE-2ED46CBBA8D1
85,1618063800,2021-04-10 16:10:00.000,3F4B3050-F55D-4C9C-A4C3-9F9E4A6A7F49
86,1618064400,2021-04-10 16:20:00.000,ADB05DA3-3587-43DE-AD7C-AA7EE8F1DA39
87,1618065000,2021-04-10 16:30:00.000,0BA0675F-901C-4F96-B71A-4AAC0D86365C
88,1618065600,2021-04-10 16:40:00.000,134E0E1E-1879-4A6F-8717-E182EA768D27
89,1618066200,2021-04-10 16:50:00.000,D3511F68-F018-4335-A210-C8F8733F3D97
90,1618066800,2021-04-10 17:00:00.000,E9F4EA68-9D7D-4F59-9959-341E6736CEA7
91,1618067400,2021-04-10 17:10:00.000,687C53AF-7456-4665-B495-FDD68F5604A8
92,1618068000,2021-04-10 17:20:00.000,AD20A840-F423-49C9-90EE-82ACABFFBD7F
93,1618068600,2021-04-10 17:30:00.000,BD15024D-E674-44F0-858D-B5831369EEBA
94,1618069200,2021-04-10 17:40:00.000,A5C8F162-19E8-403F-9311-497DF0329B40
95,1618069800,2021-04-10 17:50:00.000,417A8A08-41C1-4640-926C-5B077B743040
96,1618070400,2021-04-10 18:00:00.000,17A77A28-64B9-4B1D-94D2-AA03F042B636
97,1618071000,2021-04-10 18:10:00.000,7D2406F7-12F0-46B3-A5EC-4DE9797E2BA2
98,1618071600,2021-04-10 18:20:00.000,AC5C49F8-CF5D-443E-A13F-A71D77007047
99,1618072200,2021-04-10 18:30:00.000,7D9000C9-DB45-421F-863E-76B2DE319995
100,1618072800,2021-04-10 18:40:00.000,AA891200-8262-4A98-9B98-86C6D54752DC
101,1618073400,2021-04-10 18:50:00.000,E3D1A414-E8EA-49CC-9240-F2F3AF65CBC6
102,1618074000,2021-04-10 19:00:00.000,F2E6A85B-189D-47D0-8312-60C98FA36B18
103,1618074600,2021-04-10 19:10:00.000,6573FF2B-203C-4893-9A68-1835E51B30E5
104,1618075200,2021-04-10 19:20:00.000,CC220458-681F-4ED9-BA4F-10690C71B768
105,1618075800,2021-04-10 19:30:00.000,C31E0E1F-5707-43AC-B5B4-9D8ED0A3B7F2
106,1618076400,2021-04-10 19:40:00.000,A19E3FFA-53F4-4779-9C32-A52158B72A1F
107,1618077000,2021-04-10 19:50:00.000,577db113-ebdc-4410-b06a-7f17a303ba53
108,1618077600,2021-04-10 20:00:00.000,bba5336d-0a28-48cb-bacf-3f9326871a64
109,1618078200,2021-04-10 20:10:00.000,20d829e8-db82-402e-a0db-1c5f0a388775
110,1618078800,2021-04-10 20:20:00.000,22813231-3a59-4d6e-91b6-02080cc7c0f6
111,1618079400,2021-04-10 20:30:00.000,23c31830-56a0-4b89-b78d-6896ce279c94
112,1618080000,2021-04-10 20:40:00.000,41cc51a2-bfb1-4622-8d0f-915b20a5f88e
113,1618080600,2021-04-10 20:50:00.000,60e94886-ea48-4831-9977-f9a509fa4db8
114,1618081200,2021-04-10 21:00:00.000,bd1a8d13-183b-44c9-9e35-7ad24c7c221e
115,1618081800,2021-04-10 21:10:00.000,4f8830db-0d38-44d5-a036-af4f5764080f
116,1618082400,2021-04-10 21:20:00.000,89940d7d-c923-4f66-9030-c96b17fe6120
117,1618083000,2021-04-10 21:30:00.000,b7cc876c-3c63-444a-84a0-65bdfe1dea5e
118,1618083600,2021-04-10 21:40:00.000,326d358d-fbef-42b5-ac34-63bb8b85ac90
119,1618084200,2021-04-10 21:50:00.000,6b7f1d7d-f8c1-4a1c-b1c0-ab50e0ca879d
120,1618084800,2021-04-10 22:00:00.000,51ae446d-1fcd-459f-9266-48a643e2b7b2
121,1618085400,2021-04-10 22:10:00.000,652c96ec-f54d-4049-ab71-d44f913b77e2
122,1618086000,2021-04-10 22:20:00.000,d9824685-f901-4139-9526-7ffadcee423f
123,1618086600,2021-04-10 22:30:00.000,6bc90c0f-8363-4a45-98e2-4f7d1f949e14
124,1618087200,2021-04-10 22:40:00.000,b5146758-d5d0-42b9-89a0-e0e0ef92fbdc
125,1618087800,2021-04-10 22:50:00.000,dc0c8d46-1765-4d08-ab3b-ff034e0b6408
126,1618088400,2021-04-10 23:00:00.000,49348a1d-02bd-476f-bce3-98991190d9de
127,1618089000,2021-04-10 23:10:00.000,660a28fa-b080-4c2b-b704-08789f6d61bf
128,1618089600,2021-04-10 23:20:00.000,89d52ff9-2b93-472c-8617-f4b1e903fb3a
129,1618090200,2021-04-10 23:30:00.000,c9103959-8836-4c83-b1b9-cc17bfc1dae2
130,1618090800,2021-04-10 23:40:00.000,db1633b6-fedc-4be1-a29f-9b6271b944ab
131,1618091400,2021-04-10 23:50:00.000,9cd9c817-df58-4aae-beb9-23e8f1f70852
132,1618092000,2021-04-11 00:00:00.000,b58c4c8a-8af2-4d6b-9f50-6180ffe2265d
133,1618092600,2021-04-11 00:10:00.000,58acb04e-a6c9-4eea-9817-55622cde6d7e
134,1618093200,2021-04-11 00:20:00.000,4e9dda52-70bd-4e69-b20b-a1dba6928765
135,1618093800,2021-04-11 00:30:00.000,863a4c96-13be-4589-b209-8e16a22a25a2
136,1618094400,2021-04-11 00:40:00.000,1d815513-bbbc-4fbf-b1b9-5c74645b969a
137,1618095000,2021-04-11 00:50:00.000,e203c927-2d1a-46ee-810e-fa3a1b0bdeb2
138,1618095600,2021-04-11 01:00:00.000,97d5b40c-ca0a-4ff5-b6e2-4ce999aadee2
139,1618096200,2021-04-11 01:10:00.000,dccd5fd7-cf50-44ac-9fb1-802ccb6500ca
140,1618096800,2021-04-11 01:20:00.000,1b9451b9-9449-47a4-84bb-640111ba0c99
141,1618097400,2021-04-11 01:30:00.000,1c29dee7-0ee1-48b9-a07e-b893cd567639
142,1618098000,2021-04-11 01:40:00.000,3150e59e-8693-4cf3-a1a0-1c3a7224762a
143,1618098600,2021-04-11 01:50:00.000,94f73000-3c92-46fd-856c-885a3165f60b
144,1618099200,2021-04-11 02:00:00.000,f535e12e-c5f7-45ed-96cd-9ee7fe7b3e15
145,1618099800,2021-04-11 02:10:00.000,424a2ff6-d1d7-4baf-89ef-de9b52e434b8
146,1618100400,2021-04-11 02:20:00.000,7556f89c-f745-4531-90a5-594e0b0abc49
147,1618101000,2021-04-11 02:30:00.000,fcbf8621-24b2-4ea9-94d5-b106143232f1
148,1618101600,2021-04-11 02:40:00.000,69258546-4178-4d42-93eb-a978f0de6623
149,1618102200,2021-04-11 02:50:00.000,b079c04d-6cf7-41fc-ae8c-62f4d021b103
150,1618102800,2021-04-11 03:00:00.000,33b12d15-5803-4fb5-bd25-cb89bd94e37b
151,1618103400,2021-04-11 03:10:00.000,4a389eae-6929-458c-a3fb-e05c450f60b4
152,1618104000,2021-04-11 03:20:00.000,40e07713-0a36-4afc-9ef5-ac887a16f6dd
153,1618104600,2021-04-11 03:30:00.000,67a5ad0c-9bca-468d-88d4-2cdf4de066ac
154,1618105200,2021-04-11 03:40:00.000,bebf9ff8-4ec9-4198-bc4a-806de6f74331
155,1618105800,2021-04-11 03:50:00.000,d80cbacf-6c9e-49e7-b564-c4ccd455934b
156,1618106400,2021-04-11 04:00:00.000,326ad97b-f070-4ffb-9b8d-ec72b25c48c0
157,1618107000,2021-04-11 04:10:00.000,c0c84ce9-f64f-4013-80dd-7f6a04f4cfb6
158,1618107600,2021-04-11 04:20:00.000,abb60779-8db8-4b27-920d-9baf05ae2a88
159,1618108200,2021-04-11 04:30:00.000,201bbc9a-2f15-4089-8967-d7835bb07fc8
160,1618108800,2021-04-11 04:40:00.000,84d29568-75ea-40e3-bf2a-3d2d0dc30bae
161,1618109400,2021-04-11 04:50:00.000,6e583e81-3c38-4045-adca-cbfb76205c86
162,1618110000,2021-04-11 05:00:00.000,852b79bc-26d7-4145-add7-f04e6a2bebb4
163,1618110600,2021-04-11 05:10:00.000,8da7b2f1-8fd1-4234-aab7-b0bb65992c98
164,1618111200,2021-04-11 05:20:00.000,d3877a43-e40d-4482-a564-cfb8740cf543
165,1618111800,2021-04-11 05:30:00.000,7b73a7df-2246-4ddf-95d7-e76c23c894d4
166,1618112400,2021-04-11 05:40:00.000,c81e3385-2fc9-464b-acff-bf420011cd0e
167,1618113000,2021-04-11 05:50:00.000,1b00f71b-5962-4fa9-861e-bb579a5ade13
168,1618113600,2021-04-11 06:00:00.000,89a00065-fbe3-4362-85ac-a74f9109d6be
169,1618114200,2021-04-11 06:10:00.000,4b616ce5-ad96-4fe4-a10c-87229d20f423
170,1618114800,2021-04-11 06:20:00.000,3d05dc99-cfe2-4ece-873c-688e7c07b18a
171,1618115400,2021-04-11 06:30:00.000,771524b0-1cf8-4246-a93e-17ab40f4188f
172,1618116000,2021-04-11 06:40:00.000,4c550ae1-61d8-4ca3-be1e-72a6313be55b
173,1618116600,2021-04-11 06:50:00.000,5cda10ab-64be-4e42-88c8-26a53e34ca6a
174,1618117200,2021-04-11 07:00:00.000,93738552-ba98-4f4d-85b1-5517f880e615
175,1618117800,2021-04-11 07:10:00.000,3e921275-9415-4edd-828f-fc9f41734d0f
176,1618118400,2021-04-11 07:20:00.000,c359cf62-ca16-4dd5-bd22-3f44119f0193
177,1618119000,2021-04-11 07:30:00.000,c1c01a97-eec2-482e-bdd9-3c42dde568d9
178,1618119600,2021-04-11 07:40:00.000,36204b3a-110c-458c-b95e-3db3e05de194
179,1618120200,2021-04-11 07:50:00.000,da25a9d8-fe70-42d5-85fe-1b1decfe9c07
180,1618120800,2021-04-11 08:00:00.000,a835bcc3-ef10-433a-ac27-29c5f28f4abe
181,1618121400,2021-04-11 08:10:00.000,e8410214-efc8-4ed0-b791-67756c3015a0
182,1618122000,2021-04-11 08:20:00.000,fc739d42-02b2-42bb-a50f-9d28c7d9fb2b
183,1618122600,2021-04-11 08:30:00.000,154502c6-af8a-48cb-b0cd-bc34e17a86a9
184,1618123200,2021-04-11 08:40:00.000,37c65838-c04a-48eb-8125-28441220f79a
185,1618123800,2021-04-11 08:50:00.000,27d769fb-6afa-4c61-b3f3-f5e3c5461597
186,1618124400,2021-04-11 09:00:00.000,e838d72e-017c-403b-b8d2-dbadb11a752d
187,1618125000,2021-04-11 09:10:00.000,52f22852-c256-490d-9f50-217121df82af
188,1618125600,2021-04-11 09:20:00.000,b93daf9c-f31c-4d14-8c1e-aa3e4a21a6ef
189,1618126200,2021-04-11 09:30:00.000,76776e32-2c8a-4e63-9e83-e806b125040f
190,1618126800,2021-04-11 09:40:00.000,259cb5f7-88a2-4605-90fd-de42d9302872
191,1618127400,2021-04-11 09:50:00.000,44a1bb2b-0c5d-4eb9-ac70-06d392d755aa
192,1618128000,2021-04-11 10:00:00.000,90045a41-f00a-4d17-a863-57425d0fd6a8
193,1618128600,2021-04-11 10:10:00.000,1853d687-8790-45da-be54-926ffe2c49ce
194,1618129200,2021-04-11 10:20:00.000,b82f48e7-47ed-4534-964a-9304119bb81d
195,1618129800,2021-04-11 10:30:00.000,03268b1d-04bd-4d00-a40d-94d7d50b8bb7
196,1618130400,2021-04-11 10:40:00.000,395cd528-e53b-4660-8287-1f0dd94aa9db
197,1618131000,2021-04-11 10:50:00.000,472c8f18-c4f3-4060-9607-ad274effa153
198,1618131600,2021-04-11 11:00:00.000,2f6ecf62-9a24-4880-ae13-e3975560ddcb
199,1618132200,2021-04-11 11:10:00.000,ff6e136d-d140-4acc-ab2b-08ada021a213
200,1618132800,2021-04-11 11:20:00.000,6b1168b7-0985-492b-98ae-97aa48b27bb1
201,1618133400,2021-04-11 11:30:00.000,68a56902-8229-45e6-842a-25e03c057d3a
202,1618134000,2021-04-11 11:40:00.000,e1cd180c-5c16-421c-b7fc-886232da014e
203,1618134600,2021-04-11 11:50:00.000,073b5a5b-2f8f-4983-bdd4-71773234bd2b
204,1618135200,2021-04-11 12:00:00.000,754ab72e-4c0b-474a-90f3-6aa37101f8a4
205,1618135800,2021-04-11 12:10:00.000,7bc056b1-480a-4fc9-9750-ba86f6cfb89e
206,1618136400,2021-04-11 12:20:00.000,4a0105d1-1817-4de7-9c7a-e25dba04e32b
207,1618137000,2021-04-11 12:30:00.000,0785030d-0a3a-4cf6-a757-94edc47a964f
208,1618137600,2021-04-11 12:40:00.000,8e80e71f-a7dc-43a4-81c8-ff1d7613669c
209,1618138200,2021-04-11 12:50:00.000,48a19f06-bfb2-4912-8aa5-ad08de33dfa4
210,1618138800,2021-04-11 13:00:00.000,923d2159-c2c3-4d33-ae03-671f63ecf093
211,1618139400,2021-04-11 13:10:00.000,1de9cf2d-7222-4993-ac5f-e3611d34126d
212,1618140000,2021-04-11 13:20:00.000,5936d1a2-2c72-48bf-a3d2-d7c2bbdd0eef
213,1618140600,2021-04-11 13:30:00.000,477ad57f-7973-422d-bb74-7bb0c0537b44
214,1618141200,2021-04-11 13:40:00.000,ef36e7a1-e4d1-437a-b009-3c8e4aa7c0a2
215,1618141800,2021-04-11 13:50:00.000,4cf874f3-7f5f-4c12-804f-dc625ad647cc
216,1618142400,2021-04-11 14:00:00.000,0a071282-faf1-4202-bd0b-d1dbf79fce80
217,1618143000,2021-04-11 14:10:00.000,590850b8-7b60-48c2-a23c-dbbbaf448be5
218,1618143600,2021-04-11 14:20:00.000,740c2547-63f2-4d33-8fa7-0fad16d4877c
219,1618144200,2021-04-11 14:30:00.000,da82d43c-ad35-4124-99d2-1f8e268861c2
220,1618144800,2021-04-11 14:40:00.000,3896b81d-0f58-4886-97f3-e33a2bfcc976
221,1618145400,2021-04-11 14:50:00.000,d70d58a3-2686-4efc-a418-8a82ca28b230
222,1618146000,2021-04-11 15:00:00.000,79ac18e7-778b-4e52-bc5b-f73b1c875ae9
223,1618146600,2021-04-11 15:10:00.000,d166e4df-10fc-4475-9457-0584e38273f4
224,1618147200,2021-04-11 15:20:00.000,fc88f4f4-a654-4c96-98bb-2d1aaa9dcff6
225,1618147800,2021-04-11 15:30:00.000,141cfcf8-e8cb-453d-a36a-a0a0ce5817ca
226,1618148400,2021-04-11 15:40:00.000,daff8d52-a2ed-43de-89b2-f60c295c88b3
227,1618149000,2021-04-11 15:50:00.000,bc4a5ac6-917b-422e-9e92-c27a86570d28
228,1618149600,2021-04-11 16:00:00.000,8458a7af-c9e2-4496-9e70-db1970014455
229,1618150200,2021-04-11 16:10:00.000,b4bbd7f3-7b12-456b-9fb8-be4a90448250
230,1618150800,2021-04-11 16:20:00.000,de0ccbf2-97d4-4bf8-8a1a-12f4036a9e25
231,1618151400,2021-04-11 16:30:00.000,e4944e7b-757e-4088-b844-f8011ff40a63
232,1618152000,2021-04-11 16:40:00.000,caca1f02-3737-4905-b366-8f95c19f0a6c
233,1618152600,2021-04-11 16:50:00.000,c30957d9-aa0c-4df2-a65c-a7ce6eef66f3
234,1618153200,2021-04-11 17:00:00.000,f5827662-799f-44c0-9f29-b811508a05e8
235,1618153800,2021-04-11 17:10:00.000,42f355bb-ae1b-409b-8bda-ea82c73eb571
236,1618154400,2021-04-11 17:20:00.000,305de4e0-c3f2-4d03-a356-9e55482d622f
237,1618155000,2021-04-11 17:30:00.000,d24d5d06-3275-43d2-9825-a78cf356ed4b
238,1618155600,2021-04-11 17:40:00.000,c8b98f9e-ea58-4cbf-bf60-03f069eb84ac
239,1618156200,2021-04-11 17:50:00.000,706d4ecf-a238-42e5-9b4b-098b1df4f2cc
240,1618156800,2021-04-11 18:00:00.000,b8d0e243-038e-4b09-bf79-a744d2871ba8
241,1618157400,2021-04-11 18:10:00.000,5cc774ad-9dab-4b9e-8037-682ab56e1232
242,1618158000,2021-04-11 18:20:00.000,9d87f899-dd50-43c8-8209-25ab0fa9d7dd
243,1618158600,2021-04-11 18:30:00.000,d4c81e2b-d9e6-4c94-8286-f56f7b5989e5
244,1618159200,2021-04-11 18:40:00.000,7315b231-6260-487a-bae3-7436da488a5b
245,1618159800,2021-04-11 18:50:00.000,89527ef1-8cc2-41e8-bcfc-d624597c2bf9
246,1618160400,2021-04-11 19:00:00.000,d93255e7-3f1e-4e5e-8239-e41f7c196cd7
247,1618161000,2021-04-11 19:10:00.000,d89910f8-cd9e-4742-aed2-950fbb487df9
248,1618161600,2021-04-11 19:20:00.000,abb0e76d-746f-40e3-8ff9-7d01b2bacdaa
249,1618162200,2021-04-11 19:30:00.000,bd2dc1bf-cb3f-4bf2-9907-fdec1abe1d50
250,1618162800,2021-04-11 19:40:00.000,908b8505-fb79-47ca-912c-ad4e0a3a6e85
251,1618163400,2021-04-11 19:50:00.000,c5189db5-2ab8-4052-8bfd-cde8a27a7348
252,1618164000,2021-04-11 20:00:00.000,130071fd-ebe0-4fb8-bf0b-c923ba6cdc3f
253,1618164600,2021-04-11 20:10:00.000,c4e1257c-4a0b-44c0-a1f5-02a05414ce48
254,1618165200,2021-04-11 20:20:00.000,8066e80b-bb14-4632-9e99-b1588447ec82
255,1618165800,2021-04-11 20:30:00.000,946f29b6-9bbb-4aa0-a11d-01de5486bbfa
256,1618166400,2021-04-11 20:40:00.000,fbaf5b62-ea2d-4e40-87f3-97d345d6e6cc
257,1618167000,2021-04-11 20:50:00.000,8536b49e-56f7-42de-ae66-33b4d0e111f6
258,1618167600,2021-04-11 21:00:00.000,49d7cb0c-73e3-4f6e-8f44-ce962f02d857
259,1618168200,2021-04-11 21:10:00.000,15bd2be8-a60c-4448-99a9-e0fc8ce73d37
260,1618168800,2021-04-11 21:20:00.000,a310b41d-cb2e-489e-9bc9-21c16e5eeb6f
261,1618169400,2021-04-11 21:30:00.000,696c999b-7230-4ceb-a724-d9b49ab6b8f9
262,1618170000,2021-04-11 21:40:00.000,9d8dbbc9-6944-44c4-9106-c94b713c4c3e
263,1618170600,2021-04-11 21:50:00.000,dd085389-6bb1-4b53-b3a8-ef17aec00f01
264,1618171200,2021-04-11 22:00:00.000,ccfef2fa-0815-4a72-aa11-5636db18ea52
265,1618171800,2021-04-11 22:10:00.000,d7cd6df0-5024-47a3-adf9-0f7d3696b09b
266,1618172400,2021-04-11 22:20:00.000,54446300-a256-4c4e-9472-5fac1e11f154
267,1618173000,2021-04-11 22:30:00.000,187ab01d-b9ab-4243-8ba2-90470c46a34d
268,1618173600,2021-04-11 22:40:00.000,2b8243e9-8cf5-4d4a-8b5d-5b5534e1d174
269,1618174200,2021-04-11 22:50:00.000,e78dc821-81a7-4831-a253-d457f01bf0d8
270,1618174800,2021-04-11 23:00:00.000,4aecaf98-bec3-400f-a205-bceac10fa273
271,1618175400,2021-04-11 23:10:00.000,5df57c99-1ea5-4a93-ad8a-17a5ea8691da
272,1618176000,2021-04-11 23:20:00.000,29cf67fd-ee6e-42eb-bdb2-5e7b935c7722
273,1618176600,2021-04-11 23:30:00.000,3d8b436b-1524-4472-9551-1d48a97e013e
274,1618177200,2021-04-11 23:40:00.000,bc010d73-aea8-4371-ad52-1efcfd5c7fb4
275,1618177800,2021-04-11 23:50:00.000,3d8bc0e1-56c7-41b1-90d9-8e5c7a3bf6ab
276,1618178400,2021-04-12 00:00:00.000,f4aca7cd-a58c-41d7-9fdb-714f9ceb8422
277,1618179000,2021-04-12 00:10:00.000,570ee8a8-a201-432f-bcbc-e6184e79f97d
278,1618179600,2021-04-12 00:20:00.000,2b17e219-3b39-425b-9318-e021c9e6ff75
279,1618180200,2021-04-12 00:30:00.000,c437de64-7080-4974-a8a8-0decfd3a020d
280,1618180800,2021-04-12 00:40:00.000,9076555b-a458-453f-a990-25432eaac50d
281,1618181400,2021-04-12 00:50:00.000,70611822-b2b8-4189-8f66-9deecc315a02
282,1618182000,2021-04-12 01:00:00.000,8ec3d2a5-927e-4302-a0b5-b8d711cab162
283,1618182600,2021-04-12 01:10:00.000,08457486-2d48-4d0f-bf1f-364264e749c8
284,1618183200,2021-04-12 01:20:00.000,b7183724-a370-4b1e-84e1-7cc8c8442056
285,1618183800,2021-04-12 01:30:00.000,b6a692df-3eb8-4be3-bd58-0331ef1297ad
286,1618184400,2021-04-12 01:40:00.000,cfc522ce-a87e-4747-8b83-fc60f53e8fd7
287,1618185000,2021-04-12 01:50:00.000,aaca6113-cb4a-4a2b-ae21-56b1088b5deb
288,1618185600,2021-04-12 02:00:00.000,b4bd5df7-d841-4a2b-afb1-114927a8fac1
289,1618186200,2021-04-12 02:10:00.000,3e38f68d-dd12-46c9-9926-45637d13cfac
290,1618186800,2021-04-12 02:20:00.000,08ac0825-e394-40f3-81e7-c575949870d7
291,1618187400,2021-04-12 02:30:00.000,5fd20d1f-d8ea-4281-ae8b-c872b4e51ace
292,1618188000,2021-04-12 02:40:00.000,48de46d4-a5b5-4b3e-a5fa-2862c2f0f22f
293,1618188600,2021-04-12 02:50:00.000,7784ebaf-a2d5-441a-a18d-d0dc3926a688
294,1618189200,2021-04-12 03:00:00.000,385e0f05-dc7f-49c2-abc5-f924abc166f7
295,1618189800,2021-04-12 03:10:00.000,14ba607f-d3b6-41ed-a494-dd60962834db
296,1618190400,2021-04-12 03:20:00.000,974813ec-e793-41c5-a0da-b682bd089ca7
297,1618191000,2021-04-12 03:30:00.000,a6b8d85e-a672-468d-9978-6a48e87c5bfb
298,1618191600,2021-04-12 03:40:00.000,2b3c1976-7a85-4291-8669-ed7df1bec2d9
299,1618192200,2021-04-12 03:50:00.000,5fd3efa9-b4aa-4217-8423-8d85b5ff054c
300,1618192800,2021-04-12 04:00:00.000,17b57f5a-a3c3-4a63-b58a-30bed3d6ebbb
301,1618193400,2021-04-12 04:10:00.000,208767d8-cac0-4720-b009-8b843ccce65e
302,1618194000,2021-04-12 04:20:00.000,a7acdc7c-a92b-416e-a593-19c2bc569e32
303,1618194600,2021-04-12 04:30:00.000,4b07148f-6406-4600-8b73-0cb1be13d1bb
304,1618195200,2021-04-12 04:40:00.000,50203c67-c8fb-4b7a-95fe-f7b55f2c792c
305,1618195800,2021-04-12 04:50:00.000,62ca0db2-45db-4f34-866c-b6544b4dbd15
306,1618196400,2021-04-12 05:00:00.000,d50a6122-4968-433f-ab79-ba4d14b10278
307,1618197000,2021-04-12 05:10:00.000,0b828df6-f531-4b19-9e76-11956d81ae0e
308,1618197600,2021-04-12 05:20:00.000,39b2bd49-e863-4934-9732-539223cfde34
309,1618198200,2021-04-12 05:30:00.000,b8622326-600d-4484-b00e-aea07a84caee
310,1618198800,2021-04-12 05:40:00.000,636e2101-f9f5-4494-b703-f1a972e3bbae
311,1618199400,2021-04-12 05:50:00.000,20d6b6aa-a5e4-42d0-958d-e5abc137c271
312,1618200000,2021-04-12 06:00:00.000,ffb483f4-fb9d-450a-a654-59e8ea30a9f6
313,1618200600,2021-04-12 06:10:00.000,738f58d8-e06a-4cb6-ba67-9eb642f2094e
314,1618201200,2021-04-12 06:20:00.000,49fbeeb4-4901-4c6c-b152-4fcae1dcb0b3
315,1618201800,2021-04-12 06:30:00.000,4a5525ef-5399-4039-898c-b9419880a829
316,1618202400,2021-04-12 06:40:00.000,86bbd087-9080-4d46-bad8-652e771f4b16
317,1618203000,2021-04-12 06:50:00.000,67bbcd7e-5672-41de-a9ef-5785676118b0
318,1618203600,2021-04-12 07:00:00.000,a3019473-4733-4967-8176-e2b4fa0bbc08
319,1618204200,2021-04-12 07:10:00.000,5e9e6cbd-3b47-4cf6-94a3-e09062a1e6a4
320,1618204800,2021-04-12 07:20:00.000,568c2617-ffcd-480b-a212-03b0af448b50
321,1618205400,2021-04-12 07:30:00.000,bd480bd7-c712-4e6d-b317-c09d2b4a4059
322,1618206000,2021-04-12 07:40:00.000,602b55f0-1782-4cd5-9c2a-5da3e010021d
323,1618206600,2021-04-12 07:50:00.000,9bfaaac5-616f-4f4d-8213-67bb62ead36d
324,1618207200,2021-04-12 08:00:00.000,1dc915fb-1d5a-4d37-aa81-0b392e27b641
325,1618207800,2021-04-12 08:10:00.000,5ae3134c-5da3-4c6c-a929-0f7c9c3a9ad1
326,1618208400,2021-04-12 08:20:00.000,18663a8f-c6b4-4ec9-a3b6-86fc05707e7a
327,1618209000,2021-04-12 08:30:00.000,6af1a6de-57ad-4c15-aa6c-8ee20a9128ff
328,1618209600,2021-04-12 08:40:00.000,60750a74-8b63-4f2f-8b3c-64ceb7acc2de
329,1618210200,2021-04-12 08:50:00.000,ea0025ab-c2d7-4e53-a19a-66374cd421bb
330,1618210800,2021-04-12 09:00:00.000,a23f3f2a-663b-4446-919e-dd808919ff5e
331,1618211400,2021-04-12 09:10:00.000,cd220056-f147-4d57-8f21-d3d05a06590c
332,1618212000,2021-04-12 09:20:00.000,d3dd882a-926e-4486-ac53-ff8419934436
333,1618212600,2021-04-12 09:30:00.000,532717a8-bf43-4346-ad74-a31940255e09
334,1618213200,2021-04-12 09:40:00.000,bc5885ef-f4e1-42c7-86a5-28ccc464e7fb
335,1618213800,2021-04-12 09:50:00.000,eeebab8e-39a2-45fc-94a2-9ce42e2f520b
336,1618214400,2021-04-12 10:00:00.000,f367280e-f0b1-4810-89dd-170f9fdcfc87
337,1618215000,2021-04-12 10:10:00.000,bc159d5c-3ea8-4b00-9c53-fdfe6e7f4b4f
338,1618215600,2021-04-12 10:20:00.000,278661d2-9f0e-4b85-9102-c2ed747c7fc0
339,1618216200,2021-04-12 10:30:00.000,f7c55eeb-15d1-4140-9875-ddd01b4c09a4
340,1618216800,2021-04-12 10:40:00.000,428814a7-c14b-44da-8d92-8721e3f815d5
341,1618217400,2021-04-12 10:50:00.000,e859bc5e-c065-4c56-9012-62a325601170
342,1618218000,2021-04-12 11:00:00.000,81b02c08-3ca9-436d-a2da-ae9dd1dc3768
343,1618218600,2021-04-12 11:10:00.000,84de8c86-737d-4021-8dd2-f08665def9a8
344,1618219200,2021-04-12 11:20:00.000,a63859de-d6a9-4686-93c8-fe7ea384e09f
345,1618219800,2021-04-12 11:30:00.000,66a52f6f-20f1-46ab-aa2c-cfc8f22345b3
346,1618220400,2021-04-12 11:40:00.000,06535e57-1ece-45de-93e0-627c16aa0637
347,1618221000,2021-04-12 11:50:00.000,e83eeafb-823c-440c-9e88-e9db38664427
348,1618221600,2021-04-12 12:00:00.000,570e9ab9-daca-41c6-acb7-25fbc2796ec4
349,1618222200,2021-04-12 12:10:00.000,52db3df1-cada-4562-88ee-c7421878bdcc
350,1618222800,2021-04-12 12:20:00.000,a17ed0c1-f390-4423-b7b2-462ed468241e
351,1618223400,2021-04-12 12:30:00.000,78872a56-1694-4b94-afa0-a4d1a1a00c02
352,1618224000,2021-04-12 12:40:00.000,79408755-030f-41c0-baba-59fe00868019
353,1618224600,2021-04-12 12:50:00.000,f5a02a66-18b0-4b31-b0c3-1ee5f93f491c
354,1618225200,2021-04-12 13:00:00.000,6a280069-4cb0-4d22-8518-bb25f8caf993
355,1618225800,2021-04-12 13:10:00.000,40cf1af6-a9ed-4a46-87b4-8065dce2a277
356,1618226400,2021-04-12 13:20:00.000,72b4eeaa-63e0-4a44-8924-324f2e39d5ed
357,1618227000,2021-04-12 13:30:00.000,21d8df5b-69b7-45ba-9eaa-bad35427915d
358,1618227600,2021-04-12 13:40:00.000,a0654196-d63b-49ee-b304-4ebadcea95be
359,1618228200,2021-04-12 13:50:00.000,c19dbf7b-99dd-4fc6-8180-bfa53787e12e
360,1618228800,2021-04-12 14:00:00.000,94c8ba54-ac06-45f7-9879-2ece00266774
361,1618229400,2021-04-12 14:10:00.000,fa378ba3-3b34-445b-99c7-7d11c2d51a61
362,1618230000,2021-04-12 14:20:00.000,b4fc129a-c371-4de1-a454-e9082cd13a2e
363,1618230600,2021-04-12 14:30:00.000,430cc0a0-21ce-48cd-a5d7-9d3b5bcbd0dd
364,1618231200,2021-04-12 14:40:00.000,ce970939-1f4f-4211-b70e-e0a1fa29f150
365,1618231800,2021-04-12 14:50:00.000,b2251fde-2adc-45eb-8b60-52ed0f63ef4e
366,1618232400,2021-04-12 15:00:00.000,8f3fac4d-abf2-41f0-8627-08ee6734ea07
367,1618233000,2021-04-12 15:10:00.000,69d87ffb-1a52-439a-a01b-c18f188175ae
368,1618233600,2021-04-12 15:20:00.000,92af7255-9833-4be7-b4a9-cb56fe1c7f83
369,1618234200,2021-04-12 15:30:00.000,83facc05-e542-4f64-b970-68409287e345
370,1618234800,2021-04-12 15:40:00.000,52323774-7c67-48f0-b9d0-d494085f24a0
371,1618235400,2021-04-12 15:50:00.000,71a715da-f545-4d6a-819b-c902982ad129
372,1618236000,2021-04-12 16:00:00.000,9b4c9728-3de8-47b8-bf79-0ba2a1008085
373,1618236600,2021-04-12 16:10:00.000,fc6a3c22-978b-49bf-a26b-3adf9f600cb2
374,1618237200,2021-04-12 16:20:00.000,193950e8-6029-4eb0-a56f-9cbe5b4eb0aa
375,1618237800,2021-04-12 16:30:00.000,91a3c7c1-aa43-44fe-90b0-42f785a56088
376,1618238400,2021-04-12 16:40:00.000,83ba6b95-6df6-41fb-9340-3ca0e2ee3cf3
377,1618239000,2021-04-12 16:50:00.000,642ccb5a-0dcc-45a5-908f-8ad9f5153033
378,1618239600,2021-04-12 17:00:00.000,0e7b0362-986c-4542-8e1f-010121188df5
379,1618240200,2021-04-12 17:10:00.000,d7614b3e-9ab5-4578-8b19-f552069e6417
380,1618240800,2021-04-12 17:20:00.000,fec4569d-a5e5-43bd-9e5e-d2e669a23e12
381,1618241400,2021-04-12 17:30:00.000,d8b73f09-c71f-4a9a-b1a0-4ac622f96af9
382,1618242000,2021-04-12 17:40:00.000,5686858f-fade-4c7c-b432-392bb97f1476
383,1618242600,2021-04-12 17:50:00.000,a52fea73-0b15-43e3-9b6b-0cea76cf9b7f
384,1618243200,2021-04-12 18:00:00.000,e9f61bb3-3db8-48df-bccd-6f49a33c0982
385,1618243800,2021-04-12 18:10:00.000,b9432068-3780-48ac-a56f-265819c669ac
386,1618244400,2021-04-12 18:20:00.000,b13ce51f-1ef6-4e93-b9c3-9a0f4c3ab322
387,1618245000,2021-04-12 18:30:00.000,05b558be-c1dd-41f1-b8ff-d388c6070a0d
388,1618245600,2021-04-12 18:40:00.000,c12120ba-75e8-457b-b1c3-a9a04c8a2450
389,1618246200,2021-04-12 18:50:00.000,8e40c5f1-9276-40bc-a7a5-671877e3df61
390,1618246800,2021-04-12 19:00:00.000,13088bcb-6128-45b0-9146-489bfda63b3d
391,1618247400,2021-04-12 19:10:00.000,11fafef3-29ba-49c4-8a8f-061849fb6248
392,1618248000,2021-04-12 19:20:00.000,0082b88b-d095-4aae-bd98-fa03d7f89527
393,1618248600,2021-04-12 19:30:00.000,238124a1-4aaf-4fdc-9f25-d8d8e9ae42a5
394,1618249200,2021-04-12 19:40:00.000,052db626-105a-4f21-8023-82a2bd862955
395,1618249800,2021-04-12 19:50:00.000,0a96c184-58cc-44aa-af55-dadfde37dd8a
396,1618250400,2021-04-12 20:00:00.000,ec252d86-a316-467a-89c1-1440710b2e00
397,1618251000,2021-04-12 20:10:00.000,78253052-41b9-4a3e-b659-54010b0781dc
398,1618251600,2021-04-12 20:20:00.000,4e11dedd-d335-45d0-8bd5-d864abb3ad9e
399,1618252200,2021-04-12 20:30:00.000,23728250-c628-43f3-a569-e7227bafc815
400,1618252800,2021-04-12 20:40:00.000,2de11c8e-3912-4e03-9528-e26042541008
401,1618253400,2021-04-12 20:50:00.000,dc5fff8b-eccd-4c7d-8acb-9e9f89277d96
402,1618254000,2021-04-12 21:00:00.000,406e2b62-7da3-4da5-b4a4-fc2bdd673015
403,1618254600,2021-04-12 21:10:00.000,f8c9a4b7-497b-4e79-8295-15002045b449
404,1618255200,2021-04-12 21:20:00.000,352aefe2-f31c-48c1-9cb2-a97f9d86d831
405,1618255800,2021-04-12 21:30:00.000,628b7bee-86aa-4cd6-8208-20995e6a9b86
406,1618256400,2021-04-12 21:40:00.000,1f2645fa-ea15-490b-a4b3-6dc0b8323437
407,1618257000,2021-04-12 21:50:00.000,d6ef8c6f-92c4-4e56-a41d-f58cedb54c4e
408,1618257600,2021-04-12 22:00:00.000,c485e3bc-c3e5-453c-9829-ae6528bf7c3e
409,1618258200,2021-04-12 22:10:00.000,85c770e9-4a5a-4e98-bf5f-842889987465
410,1618258800,2021-04-12 22:20:00.000,9a6451f9-af5d-4160-867f-27eb209d9d14
411,1618259400,2021-04-12 22:30:00.000,a8acbb2d-7e87-45e6-80d8-9e0488353344
412,1618260000,2021-04-12 22:40:00.000,bcec68b7-6ef3-4266-84f7-2c79ad4dac3c
413,1618260600,2021-04-12 22:50:00.000,7e40fbed-73d5-440b-bf5f-7cd7bf651166
414,1618261200,2021-04-12 23:00:00.000,767dbfe8-77b1-4265-a242-bac580be0cd2
415,1618261800,2021-04-12 23:10:00.000,9ffcbc1d-9270-46db-97cc-25dbdc90f207
416,1618262400,2021-04-12 23:20:00.000,f0ff5d89-ed0e-44e7-aeec-a9fd64908dee
417,1618263000,2021-04-12 23:30:00.000,ff7d3d18-81ab-4cbd-a1ae-47f3b0f20d4f
418,1618263600,2021-04-12 23:40:00.000,d1894316-0fad-49f0-be4a-70da850107a8
419,1618264200,2021-04-12 23:50:00.000,befefacf-97a4-44af-b370-798c80d5fbfc
420,1618264800,2021-04-13 00:00:00.000,74354b98-fc3f-4988-9251-17b36361ad90
421,1618265400,2021-04-13 00:10:00.000,f0f4423e-7459-41e8-b69c-85a0d3b02a1b
422,1618266000,2021-04-13 00:20:00.000,bf1fa8d8-dcfb-4671-9c2c-b0fd837a73fa
423,1618266600,2021-04-13 00:30:00.000,c3f0b76e-7ffd-426a-8bc0-a30c90f21adb
424,1618267200,2021-04-13 00:40:00.000,fed913cc-48b3-48cb-b797-3c3d00f7ae7a
425,1618267800,2021-04-13 00:50:00.000,26bb3350-b4ad-4a2c-a1bc-f6d78bb232fd
426,1618268400,2021-04-13 01:00:00.000,c0751b62-c90b-4009-8319-438afba3a77d
427,1618269000,2021-04-13 01:10:00.000,48bf24ed-40d1-4210-a479-833ad798da07
428,1618269600,2021-04-13 01:20:00.000,675fdb25-a7c0-432f-a891-21c12642cf01
429,1618270200,2021-04-13 01:30:00.000,b5bc37fe-87be-4571-b815-894b95bcaabf
430,1618270800,2021-04-13 01:40:00.000,e48155ca-713f-4c8a-91f8-56e21ca3d2fd
431,1618271400,2021-04-13 01:50:00.000,baceaafc-3bc2-4215-bead-7a0e9d78aa42
432,1618272000,2021-04-13 02:00:00.000,ac61a5cc-e571-479f-803f-38ed959ef8a7
433,1618272600,2021-04-13 02:10:00.000,0938bdc4-6683-40cd-8d59-20db884b8f23
434,1618273200,2021-04-13 02:20:00.000,7915e3a2-473c-40e5-8b60-32872e21c950
435,1618273800,2021-04-13 02:30:00.000,f2fc633d-8769-47f6-9025-9b529bc5415f
436,1618274400,2021-04-13 02:40:00.000,fd4c839b-67fa-4ad0-a442-d6fa8f417c74
437,1618275000,2021-04-13 02:50:00.000,c52d274f-858f-4ca9-a39e-da1043aa5919
438,1618275600,2021-04-13 03:00:00.000,850eafb5-7828-4252-a0eb-b16837cf4f76
439,1618276200,2021-04-13 03:10:00.000,d725ee77-e4d7-4cdb-b46f-81153d22b40d
440,1618276800,2021-04-13 03:20:00.000,57d58967-4270-4ce4-a35d-4c38e47d372a
441,1618277400,2021-04-13 03:30:00.000,690fbab1-f3e1-4248-a131-c9ff79667556
442,1618278000,2021-04-13 03:40:00.000,24e52160-6cba-48b0-a1d0-ebf2ccbfa972
443,1618278600,2021-04-13 03:50:00.000,d2e43678-c425-4837-ab96-01c3b125a88e
444,1618279200,2021-04-13 04:00:00.000,7a557a90-1fce-4365-bf28-bf9ea30a4c1c
445,1618279800,2021-04-13 04:10:00.000,36d40f3a-5a82-498c-bbfa-2a95994a177c
446,1618280400,2021-04-13 04:20:00.000,980c6f92-ff47-4636-8322-5fce79cd17be
447,1618281000,2021-04-13 04:30:00.000,0c5b78bb-a95a-4f74-b285-b59e48b211e3
448,1618281600,2021-04-13 04:40:00.000,1e30aeb5-948f-404e-b9fd-e43a4eed7b42
449,1618282200,2021-04-13 04:50:00.000,b35401a5-495b-4a99-88ed-1d86422bdc5c
450,1618282800,2021-04-13 05:00:00.000,3ad555c9-8a75-47a1-b44c-85847445d76c
451,1618283400,2021-04-13 05:10:00.000,06562044-d240-4457-bace-35958450649b
452,1618284000,2021-04-13 05:20:00.000,a5feff6e-2e9d-4db5-9c00-cd9cc6d4fdad
453,1618284600,2021-04-13 05:30:00.000,9a9085ee-0807-4c32-995a-cd3cdfbeb8c7
454,1618285200,2021-04-13 05:40:00.000,4632d1ec-fd0b-4f57-9191-f4dd4fd26db1
455,1618285800,2021-04-13 05:50:00.000,3447e284-e22f-408e-922f-7d9456e7aa20
456,1618286400,2021-04-13 06:00:00.000,6ab0e232-587c-4a74-83f0-8448c8f911f4
457,1618287000,2021-04-13 06:10:00.000,2ec6981b-1392-4e2c-917b-6d2b272795f0
458,1618287600,2021-04-13 06:20:00.000,4b618a76-eb93-4048-9a7e-7fb825066221
459,1618288200,2021-04-13 06:30:00.000,c90afa13-5644-4b0e-86da-a0d4d30037a3
460,1618288800,2021-04-13 06:40:00.000,2a735d4f-eb35-4110-ae9a-df77f02995b4
461,1618289400,2021-04-13 06:50:00.000,857e7f9e-4e7d-49d2-8275-32bf96b6e89c
462,1618290000,2021-04-13 07:00:00.000,0b706ece-1200-4daf-8160-bf08810ce005
463,1618290600,2021-04-13 07:10:00.000,ca54272e-5d18-4a59-ba2b-b58f83b9f049
464,1618291200,2021-04-13 07:20:00.000,5682c68a-826c-46fc-a9d1-91913b016e9f
465,1618291800,2021-04-13 07:30:00.000,5d1fbe08-64fb-4603-a2d5-a4546309c846
466,1618292400,2021-04-13 07:40:00.000,b3989561-c896-41f4-9105-1cb6bcb38de9
467,1618293000,2021-04-13 07:50:00.000,41723e07-c4a6-426c-87cf-d017de6895c4
468,1618293600,2021-04-13 08:00:00.000,338a99ef-064a-4adf-9936-829bf5b2c229
469,1618294200,2021-04-13 08:10:00.000,3094c80e-2f6c-4441-8ed3-2fb69cc27bef
470,1618294800,2021-04-13 08:20:00.000,55d559c7-16a2-44bd-93e8-a39400176261
471,1618295400,2021-04-13 08:30:00.000,4d8c7375-e9a7-47b8-a7e6-a6b4efbbd67f
472,1618296000,2021-04-13 08:40:00.000,dedd50a3-b642-4dc7-8a53-5080350a9a93
473,1618296600,2021-04-13 08:50:00.000,57ed4e3f-04f6-4b60-b9cc-574e5e172246
474,1618297200,2021-04-13 09:00:00.000,1586a7cf-c087-4dce-9498-fbce60d8ff95
475,1618297800,2021-04-13 09:10:00.000,89de4d77-a043-439a-895a-a08255296d2b
476,1618298400,2021-04-13 09:20:00.000,708d90e5-14dc-4fa2-b11a-c6ae7feaedb4
477,1618299000,2021-04-13 09:30:00.000,a80ac23b-6635-4534-bc2a-dd7f5877d573
478,1618299600,2021-04-13 09:40:00.000,644d22e6-3712-4561-9a67-57cc4bab3adb
479,1618300200,2021-04-13 09:50:00.000,7d1310f3-d6cf-46ce-a231-49305f100ddf
480,1618300800,2021-04-13 10:00:00.000,71675197-27f7-47d0-a043-19b163ec6d4b
481,1618301400,2021-04-13 10:10:00.000,f5a41574-8d20-4672-973b-2319d85f390e
482,1618302000,2021-04-13 10:20:00.000,3120f5b8-430c-48be-af54-8ce426f582c2
483,1618302600,2021-04-13 10:30:00.000,fb9206d3-584f-4718-8312-92531a835966
484,1618303200,2021-04-13 10:40:00.000,e5b0b621-0a79-4625-87ef-a345286a871f
485,1618303800,2021-04-13 10:50:00.000,4de98867-100e-4f24-bc99-c99b43c2f02b
486,1618304400,2021-04-13 11:00:00.000,58bd1cd1-5711-47d8-90c8-1a9b663ac6ef
487,1618305000,2021-04-13 11:10:00.000,bf5c1215-7d90-4ab2-9be3-f440956e0142
488,1618305600,2021-04-13 11:20:00.000,598a840e-fd71-4e1f-a09e-2de21091fdd1
489,1618306200,2021-04-13 11:30:00.000,2cf0f7cf-7a6b-4168-9277-f779349c80f7
490,1618306800,2021-04-13 11:40:00.000,65f01dfb-0095-4b8c-9809-5f5867f22c4b
491,1618307400,2021-04-13 11:50:00.000,4eab0057-c80a-4402-b735-e2c3d5efd08a
492,1618308000,2021-04-13 12:00:00.000,ff94df2f-52f5-4090-b153-1f074baaca6f
493,1618308600,2021-04-13 12:10:00.000,1e85e19d-a8e0-45cb-8c86-aa0519f988ff
494,1618309200,2021-04-13 12:20:00.000,d956b793-0f01-4135-9d8d-ba8ce754406f
495,1618309800,2021-04-13 12:30:00.000,55714fe8-23ad-4898-bf3f-926c02db6805
496,1618310400,2021-04-13 12:40:00.000,24a94e3e-19af-439a-b6bf-659ad609a87d
497,1618311000,2021-04-13 12:50:00.000,b04758d0-9cb3-489c-ad09-4a3bf9db2c56
498,1618311600,2021-04-13 13:00:00.000,7b49ce42-7a25-45d7-9668-46066e637f14
499,1618312200,2021-04-13 13:10:00.000,1feba5ca-d7ed-42c9-88bb-586df09d40a2
500,1618312800,2021-04-13 13:20:00.000,9f61f6af-2126-431d-bb97-5eb539fcefeb
501,1618313400,2021-04-13 13:30:00.000,93d8e1d0-e489-4b35-90cd-0428001776cf
502,1618314000,2021-04-13 13:40:00.000,1658e942-186f-4205-8df6-8c051475132b
503,1618314600,2021-04-13 13:50:00.000,203bbaff-89ea-419b-8577-da55276325a3
504,1618315200,2021-04-13 14:00:00.000,55e38880-552c-4ba0-9672-0302dc01c0b2
505,1618315800,2021-04-13 14:10:00.000,9e25d080-4130-4738-9eab-f4027cab9e00
506,1618316400,2021-04-13 14:20:00.000,9f6f1dad-5eb6-41fb-bc96-6be11d8fd257
507,1618317000,2021-04-13 14:30:00.000,119c0d7a-4950-450b-a4de-02b72d3e3a46
508,1618317600,2021-04-13 14:40:00.000,3adc7989-1de3-4b3b-8455-03b8ee6958b5
509,1618318200,2021-04-13 14:50:00.000,0ee81d04-f7ba-4530-beb0-65bfef152962
510,1618318800,2021-04-13 15:00:00.000,773a72e4-f3cb-4235-849e-32c756a48fe2
511,1618319400,2021-04-13 15:10:00.000,6b191a6c-7129-48f3-970c-cc6874fd7077
512,1618320000,2021-04-13 15:20:00.000,6c439196-5699-4272-86ac-ae0e5fbe5a4a
513,1618320600,2021-04-13 15:30:00.000,950d64a9-ea09-47c3-b065-e0c1a2cf47ed
514,1618321200,2021-04-13 15:40:00.000,782a7d78-3a71-4557-84eb-f809c57b8900
515,1618321800,2021-04-13 15:50:00.000,9e870148-91d5-46f5-bd87-c771f6879f12
516,1618322400,2021-04-13 16:00:00.000,7b342979-0e35-4bda-9fe1-71e704d53b94
517,1618323000,2021-04-13 16:10:00.000,c831542c-290b-4304-a7e9-82db01f4ef7a
518,1618323600,2021-04-13 16:20:00.000,aede04d7-f6d7-4941-bcaa-aac330078660
519,1618324200,2021-04-13 16:30:00.000,d1c44a05-7502-4122-a01c-85f967f0f388
520,1618324800,2021-04-13 16:40:00.000,51a07c30-ff8f-4d3a-ac26-19ae9cd591dc
521,1618325400,2021-04-13 16:50:00.000,a7506822-81bf-4c3a-8417-f0bea0a8dbed
522,1618326000,2021-04-13 17:00:00.000,ff9ff482-9386-4346-9aa9-248d356069ef
523,1618326600,2021-04-13 17:10:00.000,e2d93d9b-ff26-4e35-bd55-51abed39a83f
524,1618327200,2021-04-13 17:20:00.000,f87fa9a0-f8bb-4865-b838-e39ad72dde04
525,1618327800,2021-04-13 17:30:00.000,50672555-ca8b-4de0-8bc3-4b75a03cb897
526,1618328400,2021-04-13 17:40:00.000,81f3aaee-9397-4145-b488-f53fd778b1e1
527,1618329000,2021-04-13 17:50:00.000,5a2208ea-6268-410e-8eb1-4e741d46c890
528,1618329600,2021-04-13 18:00:00.000,6317a1dc-3053-4de0-a526-abf561f7c210
529,1618330200,2021-04-13 18:10:00.000,823db843-ba46-4685-bd89-9ff1088cad0c
530,1618330800,2021-04-13 18:20:00.000,32083129-9d4c-4129-b97a-4dd3370b9bb8
531,1618331400,2021-04-13 18:30:00.000,d81b347b-2014-48db-a41f-d09fe5f895ad
532,1618332000,2021-04-13 18:40:00.000,072e6891-2f23-4c72-b417-0ce69b02843c
533,1618332600,2021-04-13 18:50:00.000,d4fba0ba-db73-4b83-9f76-54ffd20724a9
534,1618333200,2021-04-13 19:00:00.000,33f9cdbe-e047-4afc-94d3-02ed23d7915d
535,1618333800,2021-04-13 19:10:00.000,88c1895e-7f9a-48f4-9319-57650af097d3
536,1618334400,2021-04-13 19:20:00.000,608f4aea-44d7-4c70-aaf8-72d1db37ed5a
537,1618335000,2021-04-13 19:30:00.000,a53b900c-a710-43af-a751-267261dff16e
538,1618335600,2021-04-13 19:40:00.000,f1006149-5f04-4cd3-bc48-c83221c270c0
539,1618336200,2021-04-13 19:50:00.000,59e03135-7559-480c-92d7-877e79fecb75
540,1618336800,2021-04-13 20:00:00.000,38a88601-8e09-49cf-a2cb-e8d622eb9cf0
541,1618337400,2021-04-13 20:10:00.000,4f5b0bf9-40c1-4387-a950-bbe13ffdf4a1
542,1618338000,2021-04-13 20:20:00.000,197ab475-9313-4692-8ef7-3b53628ebd41
543,1618338600,2021-04-13 20:30:00.000,cd64f35c-685a-4f3b-a33f-c659922d88bc
544,1618339200,2021-04-13 20:40:00.000,1bf56dd9-d053-4fa9-83f4-c0b965c52a01
545,1618339800,2021-04-13 20:50:00.000,f58aa124-c9c8-4c22-b818-37cbaa76d81a
546,1618340400,2021-04-13 21:00:00.000,d5ba3df2-8b97-43e1-8ad4-1c97c62724d5
547,1618341000,2021-04-13 21:10:00.000,59a2a0f9-b7ea-467c-be10-04315ec7b3be
548,1618341600,2021-04-13 21:20:00.000,a05c9ae8-350c-4729-9bcf-43a98ff17d03
549,1618342200,2021-04-13 21:30:00.000,32d52c53-4d49-42f6-84ff-c1ec4975d03b
550,1618342800,2021-04-13 21:40:00.000,9538eebe-200f-479f-b082-2b4380f3fd7f
551,1618343400,2021-04-13 21:50:00.000,dded8faa-947e-476a-a568-a26066ef636f
552,1618344000,2021-04-13 22:00:00.000,59883dd7-c3a5-4ae0-ac8f-8a4611c3dfbf
553,1618344600,2021-04-13 22:10:00.000,352de7e8-6944-4261-8460-68ad9290ad17
554,1618345200,2021-04-13 22:20:00.000,8ed3e22c-a02f-4b2a-b718-a6a7e8c08b10
555,1618345800,2021-04-13 22:30:00.000,41245847-54f1-4485-bcdf-54fcb16329b7
556,1618346400,2021-04-13 22:40:00.000,3e4a95c6-12e9-4d55-a655-ff8303f4e96a
557,1618347000,2021-04-13 22:50:00.000,1285a395-cd9f-4db9-87c7-d650685d5411
558,1618347600,2021-04-13 23:00:00.000,027d868a-b6a9-4634-bf3c-8f9d15d5a217
559,1618348200,2021-04-13 23:10:00.000,6970a223-5427-4daf-a500-35d7f1aa9ac9
560,1618348800,2021-04-13 23:20:00.000,a1bd336b-efaf-4342-aa19-20831719bd05
561,1618349400,2021-04-13 23:30:00.000,e4a14846-765f-4b48-ba8c-ae27be4f1676
562,1618350000,2021-04-13 23:40:00.000,b54e20c4-cb60-4f61-b189-c9ed8c7055bb
563,1618350600,2021-04-13 23:50:00.000,dda71a3b-fbee-4b33-a36e-1fd999217d5b
564,1618351200,2021-04-14 00:00:00.000,8767d1ae-c55f-4152-9ad9-dfe2fbc8383e
565,1618351800,2021-04-14 00:10:00.000,35c717e4-4ab7-4af7-806c-d0fb182a8e34
566,1618352400,2021-04-14 00:20:00.000,8c28d642-176f-4312-8cc3-20c92780c0e3
567,1618353000,2021-04-14 00:30:00.000,44fa76f3-ede1-41fc-808f-99e1a0f852a0
568,1618353600,2021-04-14 00:40:00.000,a7f2638a-5bc0-4c1d-9c28-f6110c2cf44c
569,1618354200,2021-04-14 00:50:00.000,911293f0-b60d-4049-b640-8e8247d0544d
570,1618354800,2021-04-14 01:00:00.000,bcd3c9fc-e177-4df7-b15e-1be4ddcd84ec
571,1618355400,2021-04-14 01:10:00.000,9eee7f79-ba3d-4a65-bc5f-f386a142f0ca
572,1618356000,2021-04-14 01:20:00.000,78327d23-b668-4d6a-bcf3-7f3f4be652b1
573,1618356600,2021-04-14 01:30:00.000,d11ba879-04ed-4f54-82a3-7385a12b125f
574,1618357200,2021-04-14 01:40:00.000,96241672-17f5-47de-b0d6-49030ee69217
575,1618357800,2021-04-14 01:50:00.000,933bc872-17eb-4b7d-af0a-9d4875f2ef3d
576,1618358400,2021-04-14 02:00:00.000,d41dd5e4-6658-438d-961f-af84cdc1d8ac
577,1618359000,2021-04-14 02:10:00.000,c83ea778-a320-4106-953c-25b9b9b50d69
578,1618359600,2021-04-14 02:20:00.000,9d55e858-6e87-41c0-9075-c68c481f6e96
579,1618360200,2021-04-14 02:30:00.000,24d6a11d-0374-474c-abda-a67c45207646
580,1618360800,2021-04-14 02:40:00.000,acc15ff5-59a6-46ba-87e7-07a9b38467d1
581,1618361400,2021-04-14 02:50:00.000,ee4908ec-9f35-4e88-8085-b32abe7375bc
582,1618362000,2021-04-14 03:00:00.000,7455843a-de95-4e8f-9f0e-eb830e425a1a
583,1618362600,2021-04-14 03:10:00.000,4792281d-647f-45ae-8332-ae4f91bcf215
584,1618363200,2021-04-14 03:20:00.000,2098bc27-8eeb-4047-acde-96de01e0af78
585,1618363800,2021-04-14 03:30:00.000,e0614f8d-ab57-479c-bdfb-aa57e28ccc40
586,1618364400,2021-04-14 03:40:00.000,2d76b00c-4a74-40fb-8e3e-c366342365fb
587,1618365000,2021-04-14 03:50:00.000,324053b0-992b-4df1-bfbc-6c6447cf6647
588,1618365600,2021-04-14 04:00:00.000,51388112-3039-403c-bd79-d2b0802644d5
589,1618366200,2021-04-14 04:10:00.000,8b4dcf61-11bd-4036-a7a7-666fab1f0545
590,1618366800,2021-04-14 04:20:00.000,db6d5572-4060-4e3a-873d-c94dfb1203a9
591,1618367400,2021-04-14 04:30:00.000,444c8948-3dfc-4687-95c1-ecf92307e4cf
592,1618368000,2021-04-14 04:40:00.000,9ac464ca-02a6-4cab-a75f-983c18033e25
593,1618368600,2021-04-14 04:50:00.000,edcf24a7-7330-41af-bf98-6487d40959ad
594,1618369200,2021-04-14 05:00:00.000,35b29e8a-65b2-4c91-b852-13120eca246c
595,1618369800,2021-04-14 05:10:00.000,3dbfaa57-4a95-4d90-9d82-8b1a4806e275
596,1618370400,2021-04-14 05:20:00.000,da717d9d-723b-4dd2-bacb-e223969f09dd
597,1618371000,2021-04-14 05:30:00.000,087166e3-c857-45d4-b1fb-90c1b91dfbc6
598,1618371600,2021-04-14 05:40:00.000,c143f550-6404-445d-aba8-651fdd57728a
599,1618372200,2021-04-14 05:50:00.000,8487acaa-0e8a-43aa-8438-87b0b93bbec9
600,1618372800,2021-04-14 06:00:00.000,31de1404-7afd-4e87-a2ec-5401547923f1
601,1618373400,2021-04-14 06:10:00.000,15747b97-d7b8-4423-8c3f-61ee7539fed5
602,1618374000,2021-04-14 06:20:00.000,c8a144bf-f02a-4faa-9028-c5b5c23f1f10
603,1618374600,2021-04-14 06:30:00.000,9823cece-7c61-4084-b2cc-b423211e10d3
604,1618375200,2021-04-14 06:40:00.000,526dc8f7-7376-4972-9627-69f95978204e
605,1618375800,2021-04-14 06:50:00.000,1dbdf37f-9e32-432d-ac0a-33b8bfc8b344
606,1618376400,2021-04-14 07:00:00.000,3fd1201e-70df-4042-8e36-22474dea6d93
607,1618377000,2021-04-14 07:10:00.000,5963c653-84dc-4b72-8330-26f14d92e2cc
608,1618377600,2021-04-14 07:20:00.000,bca7d924-51dd-47c8-9ede-2fdedf9be721
609,1618378200,2021-04-14 07:30:00.000,257de16b-58e9-48f2-a09e-1620d35bbe9a
610,1618378800,2021-04-14 07:40:00.000,e6752997-4094-4d5e-a858-09e5fb940118
611,1618379400,2021-04-14 07:50:00.000,e425bbae-2f87-4f77-8230-4eca407e207e
612,1618380000,2021-04-14 08:00:00.000,91f9910e-ce25-4419-afaa-e26780a149f4
613,1618380600,2021-04-14 08:10:00.000,60c3d18d-9e29-4808-8421-870d1e3182b8
614,1618381200,2021-04-14 08:20:00.000,c1911e8e-87a6-4ca9-ada7-c4e377886a0b
615,1618381800,2021-04-14 08:30:00.000,f6efe3fe-6f6f-4b92-b07d-81f85b329eec
616,1618382400,2021-04-14 08:40:00.000,1795dcc0-7037-441c-8856-84ea85573b8a
617,1618383000,2021-04-14 08:50:00.000,44426b5c-3945-4afd-99b7-c57cabfd7bc6
618,1618383600,2021-04-14 09:00:00.000,10720041-f89a-4526-af57-a650ff900809
619,1618384200,2021-04-14 09:10:00.000,ac577a7c-bacb-4045-9774-3034ad1a6ad4
620,1618384800,2021-04-14 09:20:00.000,4c6940c3-c703-403d-a6c2-d00e5fe2b9ea
621,1618385400,2021-04-14 09:30:00.000,7335284a-e680-4c30-9af4-e57415ca34e3
622,1618386000,2021-04-14 09:40:00.000,0fc47b2c-5153-4de5-9c08-f21708a49d1c
623,1618386600,2021-04-14 09:50:00.000,280c9158-135c-4ce3-be27-006d98ee7330
624,1618387200,2021-04-14 10:00:00.000,26cee48b-0fba-4a4a-8040-55fe091b6c80
625,1618387800,2021-04-14 10:10:00.000,7f8eed47-f5b6-459b-9433-9b484f467c5e
626,1618388400,2021-04-14 10:20:00.000,c4d93601-ebd0-40d7-9e83-078cd13f0046
627,1618389000,2021-04-14 10:30:00.000,d5de87b9-c54d-4d40-860f-902b4329c8d1
628,1618389600,2021-04-14 10:40:00.000,b66c02f3-bd98-4add-ab94-d1c4db8fd667
629,1618390200,2021-04-14 10:50:00.000,7b68b826-e3be-4e76-9f24-ab7d09a0d611
630,1618390800,2021-04-14 11:00:00.000,b4628770-2322-474a-b5f5-824297f754c0
631,1618391400,2021-04-14 11:10:00.000,5aaf582f-293d-49f5-8d07-0f82cb75002b
632,1618392000,2021-04-14 11:20:00.000,70bd00e5-84f9-44d0-afbd-37582ac8cdc2
633,1618392600,2021-04-14 11:30:00.000,d58dc42e-c808-4fdc-a380-27d03d03f750
634,1618393200,2021-04-14 11:40:00.000,829eb81d-61e2-4885-8eba-6d60fc770405
635,1618393800,2021-04-14 11:50:00.000,f76a381d-c937-46cc-a511-657f91fd97c9
636,1618394400,2021-04-14 12:00:00.000,253c2ab1-9ae5-433a-89bc-dd92e16f0677
637,1618395000,2021-04-14 12:10:00.000,51bf2a09-6be3-4e94-8f41-ad96c3b3b92e
638,1618395600,2021-04-14 12:20:00.000,a243f2af-50ad-49c4-8c66-fbb4996df858
639,1618396200,2021-04-14 12:30:00.000,2f030050-82de-43ac-b885-4892dba54e5f
640,1618396800,2021-04-14 12:40:00.000,72e370d1-0d09-4f70-9e7b-0dc51b87523e
641,1618397400,2021-04-14 12:50:00.000,0d4f46ff-5d45-40e6-8802-3969c1ea6e19
642,1618398000,2021-04-14 13:00:00.000,385139da-f884-45c1-ae48-a3413c66cb06
643,1618398600,2021-04-14 13:10:00.000,ded4ad76-5043-4e5b-93f7-10b4d44cf0f8
644,1618399200,2021-04-14 13:20:00.000,c2ffd398-9149-4be2-99e6-95cae92aaaf3
645,1618399800,2021-04-14 13:30:00.000,cca6d1df-0fb6-4a7f-a5b3-df0516ea7b6a
646,1618400400,2021-04-14 13:40:00.000,4f0fbd05-fa5a-4076-8875-be24252fae19
647,1618401000,2021-04-14 13:50:00.000,c7667ca1-4db9-4ebe-af05-1558ca2aef8e
648,1618401600,2021-04-14 14:00:00.000,ffdbf731-c9b3-439c-a8e2-76442fb94255
649,1618402200,2021-04-14 14:10:00.000,30ea8e4d-f5af-486c-81f9-b52e39d2ba16
650,1618402800,2021-04-14 14:20:00.000,b04878a6-944f-4413-ac61-f798f80c800b
651,1618403400,2021-04-14 14:30:00.000,aebd6953-9de0-4d21-b8fe-8a956e7b7ede
652,1618404000,2021-04-14 14:40:00.000,116d5a06-6a03-4a94-bafc-c996bcab24e6
653,1618404600,2021-04-14 14:50:00.000,0e322479-ffba-4fb5-92f8-8ea01b3310a4
654,1618405200,2021-04-14 15:00:00.000,565caa84-4fb3-44ac-b9a7-ae16e8badec5
655,1618405800,2021-04-14 15:10:00.000,fbec557f-ae85-4a72-a719-e544ff9cefa8
656,1618406400,2021-04-14 15:20:00.000,7cdf8367-d99c-4905-a1a2-082a5c10ad7f
657,1618407000,2021-04-14 15:30:00.000,7676c8da-0dec-40af-8307-34b806b0922c
658,1618407600,2021-04-14 15:40:00.000,3da0ae5d-e22f-4961-92b2-45dc9df6616d
659,1618408200,2021-04-14 15:50:00.000,9669638d-e7d4-4620-b270-35e599bda988
660,1618408800,2021-04-14 16:00:00.000,13249700-0670-4f64-ba6d-627cc772dc22
661,1618409400,2021-04-14 16:10:00.000,67e3755f-780a-423e-bd96-bbd78bd72b79
662,1618410000,2021-04-14 16:20:00.000,2826612f-6808-46d7-916a-766a4f558703
663,1618410600,2021-04-14 16:30:00.000,cb5962d1-33a6-42fb-8d37-720d46fc2b24
664,1618411200,2021-04-14 16:40:00.000,3e099e14-7aa5-48b0-87e5-8d6b08312f46
665,1618411800,2021-04-14 16:50:00.000,95a139ec-ab95-432f-9ee9-9df1bbe46115
666,1618412400,2021-04-14 17:00:00.000,0eedf613-dad3-4a98-a655-90cdb381c0c8
667,1618413000,2021-04-14 17:10:00.000,b49ab307-7933-4d9f-80fc-7d3752a08133
668,1618413600,2021-04-14 17:20:00.000,5bd4de45-0561-4e28-bd86-166cff973542
669,1618414200,2021-04-14 17:30:00.000,7f0edd41-2d8f-4197-856a-b9bf19552d63
670,1618414800,2021-04-14 17:40:00.000,4e888202-7725-4cbb-9bfa-32b0d8cac9db
671,1618415400,2021-04-14 17:50:00.000,ee7324ef-6f43-4db0-94ed-b41254ab90cd
672,1618416000,2021-04-14 18:00:00.000,64f3250e-324b-482f-9bab-5dd6c1b0c49a
673,1618416600,2021-04-14 18:10:00.000,ced7246a-8cd4-4596-abd3-a4a56dc4160b
674,1618417200,2021-04-14 18:20:00.000,87725cd9-bc7d-4274-892a-e5b6edc71d79
675,1618417800,2021-04-14 18:30:00.000,78b0e310-9778-4c64-a068-3945fc9df53f
676,1618418400,2021-04-14 18:40:00.000,f04cc951-9913-4774-8509-bd4b673aebfb
677,1618419000,2021-04-14 18:50:00.000,db24a1ea-bffb-4856-b113-1e2d346cfd2d
678,1618419600,2021-04-14 19:00:00.000,e396a2bb-0762-46ae-84fe-d9953192c8ba
679,1618420200,2021-04-14 19:10:00.000,ca71df2e-28c1-4d69-8a05-c6f6911f909f
680,1618420800,2021-04-14 19:20:00.000,aa031c9f-801c-45c2-9692-7dc66d4d4dc7
681,1618421400,2021-04-14 19:30:00.000,80f1d2a3-1870-40ee-b5f6-1573e0bee67a
682,1618422000,2021-04-14 19:40:00.000,115a344f-4c0b-42fa-b0ab-091327a3db78
683,1618422600,2021-04-14 19:50:00.000,179eab7f-2f32-4c53-881a-a824f6ff6853
684,1618423200,2021-04-14 20:00:00.000,bc050818-2bab-4228-82ea-ee2c9326272a
685,1618423800,2021-04-14 20:10:00.000,4cf31c37-0b62-42a6-aee7-2fead0785112
686,1618424400,2021-04-14 20:20:00.000,39362304-119c-4014-96be-0ea22f3a6449
687,1618425000,2021-04-14 20:30:00.000,ca6dcf35-6b5e-4ff2-bc9b-88bf78e9307e
688,1618425600,2021-04-14 20:40:00.000,cfb0159a-3697-4a30-b4ff-3fae0a2fa946
689,1618426200,2021-04-14 20:50:00.000,32e53029-236f-4e2d-be2a-26f2bb718c02
690,1618426800,2021-04-14 21:00:00.000,bde7c900-da4c-4704-ba0a-38537441c0ad
691,1618427400,2021-04-14 21:10:00.000,b243a8c3-0cd4-4d85-a568-6559e57404af
692,1618428000,2021-04-14 21:20:00.000,99cebdc2-6c52-4b62-b4e9-e4ec7e571e02
693,1618428600,2021-04-14 21:30:00.000,6308b43a-b9e1-43a0-aa75-8458a6b76ce0
694,1618429200,2021-04-14 21:40:00.000,85654ee1-b09d-4a45-b58c-df3142d0f9a2
695,1618429800,2021-04-14 21:50:00.000,2e015902-92cc-4bdd-8029-0b892565a9e6
696,1618430400,2021-04-14 22:00:00.000,09c21cbd-27a3-45a9-917b-ae7c67d8f62b
697,1618431000,2021-04-14 22:10:00.000,74a8a43e-07a7-4534-9d2f-84ac87e15da1
698,1618431600,2021-04-14 22:20:00.000,fa37c969-ae90-40f8-9d89-e8302ffb1c44
699,1618432200,2021-04-14 22:30:00.000,8ac590c9-7d61-4031-84ac-cf9704cb1977
700,1618432800,2021-04-14 22:40:00.000,cb821ec7-827e-4019-99e9-52cf3b69f4f2
701,1618433400,2021-04-14 22:50:00.000,712c7a9b-e40f-4bc5-865f-e7b1cab30209
702,1618434000,2021-04-14 23:00:00.000,b581661a-b517-41df-b853-04d56c45c3b2
703,1618434600,2021-04-14 23:10:00.000,8362fe45-5d87-460b-a0bf-0e62a100b65f
704,1618435200,2021-04-14 23:20:00.000,7ab0aabe-680d-4ad1-9615-1d7cb3fb5302
705,1618435800,2021-04-14 23:30:00.000,7ba3fdf1-65f0-4f50-ba19-759739050a43
706,1618436400,2021-04-14 23:40:00.000,af3b76c0-9e1a-4935-9428-5f2c80f29341
707,1618437000,2021-04-14 23:50:00.000,94571861-15b3-4a19-9d0b-92fecd780f53
708,1618437600,2021-04-15 00:00:00.000,2fac8de4-a0b9-49e4-9e6b-87e50d846fa1
709,1618438200,2021-04-15 00:10:00.000,a995ea5c-865d-431d-9e1c-8b3388339ca0
710,1618438800,2021-04-15 00:20:00.000,eb649e96-4876-4f64-9fb8-4fc02d29a8b4
711,1618439400,2021-04-15 00:30:00.000,88fa92fc-220a-470d-aa88-f2c25ba025d8
712,1618440000,2021-04-15 00:40:00.000,4d327856-e59f-4594-afeb-4e86da497ee3
713,1618440600,2021-04-15 00:50:00.000,71f31179-05bf-4a71-9fe4-45ed080772be
714,1618441200,2021-04-15 01:00:00.000,b0962c38-f156-4b5e-9845-a25ec5e742f7
715,1618441800,2021-04-15 01:10:00.000,eb5ef75b-3550-4230-8133-ebe563bdecf5
716,1618442400,2021-04-15 01:20:00.000,138cca1c-8ea8-4b18-8377-fd91824590d7
717,1618443000,2021-04-15 01:30:00.000,3ba726bb-b3a0-47d9-8547-4bac06c2ca93
718,1618443600,2021-04-15 01:40:00.000,f1b7a723-4028-45ec-be8d-3263b4fb0fad
719,1618444200,2021-04-15 01:50:00.000,F1A053EA-69D5-4801-A865-3258138F1250
